Id,class_0,class_1
00eed32682bb,0.6672456837250504,0.33275431627494956
010ebe33f668,0.6672456837250504,0.33275431627494956
02fa521e1838,0.6672456837250504,0.33275431627494956
040e15f562a2,0.6672456837250504,0.33275431627494956
046e85c7cc7f,0.6672456837250504,0.33275431627494956
